source,target
bc1q2sem549dsuv6pqwc593exs2peqhpxv0la45mge,32Mf4hkRXAxhrkY2EjrzVcX8diTPKVEfhA
bc1qw9tsj0z5fnkefesz56zxqe9xnmuqmwsfa32tju,bc1qvctzzsh76tnvgvcsqnpwlqjsreagfa2hekg7e2
bc1qy90zwhlmrra5pxl3wjlyap2rdat04v8dlhu8zw,32Mf4hkRXAxhrkY2EjrzVcX8diTPKVEfhA
3ETWtxAjwAEPj3kwDCyzMYjkWPVum8qsik,3BTMJdz5QDxHvBKG3UdYc8R3ZhExeshdr9
3ETWtxAjwAEPj3kwDCyzMYjkWPVum8qsik,3LZXnatwLjVAdXcapmLXKfPCww9MFn5HsT
3ETWtxAjwAEPj3kwDCyzMYjkWPVum8qsik,16EwMMS9FRdUUHMCodmEKt6Uw2JBdncExW
3ETWtxAjwAEPj3kwDCyzMYjkWPVum8qsik,1Na28mKSvoZ1u6Mgq6KEyZ6DwtdR7NMha4
3ETWtxAjwAEPj3kwDCyzMYjkWPVum8qsik,34utAmJ9XLuohnCUY44fYQo1bg3b6YTxgv
3ETWtxAjwAEPj3kwDCyzMYjkWPVum8qsik,325asbbXBV35WSx1nCw2rpjhviHZS56PhD
3ETWtxAjwAEPj3kwDCyzMYjkWPVum8qsik,bc1q03fmucxgt5l03nqfjg32m4fq4gw9a90th6vx50
3ETWtxAjwAEPj3kwDCyzMYjkWPVum8qsik,3Cc2GhVDb8fz4dx6PZXhgvoW8xKLTk5jAy
3ETWtxAjwAEPj3kwDCyzMYjkWPVum8qsik,1Ng4aDGvbWJhhqerHSAr4R1yLP2C3XPrbm
3ETWtxAjwAEPj3kwDCyzMYjkWPVum8qsik,3Kjuh4wd1mVeGeTx67X3NCgypp7mqtkEvA
3ETWtxAjwAEPj3kwDCyzMYjkWPVum8qsik,15m66PbA8GRyD6ZNp22w11tHKgRQbrq9w7
3ETWtxAjwAEPj3kwDCyzMYjkWPVum8qsik,33HS68P7oy89rmCYFBSzRhrNGJTyYg52Kh
3ETWtxAjwAEPj3kwDCyzMYjkWPVum8qsik,bc1qz3dhhv6z86284g4ta97v8dr78ugfmr2k8rp26m
3ETWtxAjwAEPj3kwDCyzMYjkWPVum8qsik,3NtACXn6yE8kEtdCakYZNkxkKaVp2rs611
3ETWtxAjwAEPj3kwDCyzMYjkWPVum8qsik,3PFpJB7X1SksibvdywdzvMngi2tSp6yiXB
3ETWtxAjwAEPj3kwDCyzMYjkWPVum8qsik,343BfByNkJXhDUznpj1j4SsBzQajhbjyoK
3ETWtxAjwAEPj3kwDCyzMYjkWPVum8qsik,1C6KEsVUHBRn9oLi6MQhfEoPCkKYqx6mKQ
3BXwHQWrucyUyP7h8BV9xAnm36aPuEcYfp,3BTMJdz5QDxHvBKG3UdYc8R3ZhExeshdr9
3BXwHQWrucyUyP7h8BV9xAnm36aPuEcYfp,3LZXnatwLjVAdXcapmLXKfPCww9MFn5HsT
3BXwHQWrucyUyP7h8BV9xAnm36aPuEcYfp,16EwMMS9FRdUUHMCodmEKt6Uw2JBdncExW
3BXwHQWrucyUyP7h8BV9xAnm36aPuEcYfp,1Na28mKSvoZ1u6Mgq6KEyZ6DwtdR7NMha4
3BXwHQWrucyUyP7h8BV9xAnm36aPuEcYfp,34utAmJ9XLuohnCUY44fYQo1bg3b6YTxgv
3BXwHQWrucyUyP7h8BV9xAnm36aPuEcYfp,325asbbXBV35WSx1nCw2rpjhviHZS56PhD
3BXwHQWrucyUyP7h8BV9xAnm36aPuEcYfp,bc1q03fmucxgt5l03nqfjg32m4fq4gw9a90th6vx50
3BXwHQWrucyUyP7h8BV9xAnm36aPuEcYfp,3Cc2GhVDb8fz4dx6PZXhgvoW8xKLTk5jAy
3BXwHQWrucyUyP7h8BV9xAnm36aPuEcYfp,1Ng4aDGvbWJhhqerHSAr4R1yLP2C3XPrbm
3BXwHQWrucyUyP7h8BV9xAnm36aPuEcYfp,3Kjuh4wd1mVeGeTx67X3NCgypp7mqtkEvA
3BXwHQWrucyUyP7h8BV9xAnm36aPuEcYfp,15m66PbA8GRyD6ZNp22w11tHKgRQbrq9w7
3BXwHQWrucyUyP7h8BV9xAnm36aPuEcYfp,33HS68P7oy89rmCYFBSzRhrNGJTyYg52Kh
3BXwHQWrucyUyP7h8BV9xAnm36aPuEcYfp,bc1qz3dhhv6z86284g4ta97v8dr78ugfmr2k8rp26m
3BXwHQWrucyUyP7h8BV9xAnm36aPuEcYfp,3NtACXn6yE8kEtdCakYZNkxkKaVp2rs611
3BXwHQWrucyUyP7h8BV9xAnm36aPuEcYfp,3PFpJB7X1SksibvdywdzvMngi2tSp6yiXB
3BXwHQWrucyUyP7h8BV9xAnm36aPuEcYfp,343BfByNkJXhDUznpj1j4SsBzQajhbjyoK
3BXwHQWrucyUyP7h8BV9xAnm36aPuEcYfp,1C6KEsVUHBRn9oLi6MQhfEoPCkKYqx6mKQ
3FkNSy6mRqM69gyX7F5qUswznUXs1c18YA,3BTMJdz5QDxHvBKG3UdYc8R3ZhExeshdr9
3FkNSy6mRqM69gyX7F5qUswznUXs1c18YA,3LZXnatwLjVAdXcapmLXKfPCww9MFn5HsT
3FkNSy6mRqM69gyX7F5qUswznUXs1c18YA,16EwMMS9FRdUUHMCodmEKt6Uw2JBdncExW
3FkNSy6mRqM69gyX7F5qUswznUXs1c18YA,1Na28mKSvoZ1u6Mgq6KEyZ6DwtdR7NMha4
3FkNSy6mRqM69gyX7F5qUswznUXs1c18YA,34utAmJ9XLuohnCUY44fYQo1bg3b6YTxgv
3FkNSy6mRqM69gyX7F5qUswznUXs1c18YA,325asbbXBV35WSx1nCw2rpjhviHZS56PhD
3FkNSy6mRqM69gyX7F5qUswznUXs1c18YA,bc1q03fmucxgt5l03nqfjg32m4fq4gw9a90th6vx50
3FkNSy6mRqM69gyX7F5qUswznUXs1c18YA,3Cc2GhVDb8fz4dx6PZXhgvoW8xKLTk5jAy
3FkNSy6mRqM69gyX7F5qUswznUXs1c18YA,1Ng4aDGvbWJhhqerHSAr4R1yLP2C3XPrbm
3FkNSy6mRqM69gyX7F5qUswznUXs1c18YA,3Kjuh4wd1mVeGeTx67X3NCgypp7mqtkEvA
3FkNSy6mRqM69gyX7F5qUswznUXs1c18YA,15m66PbA8GRyD6ZNp22w11tHKgRQbrq9w7
3FkNSy6mRqM69gyX7F5qUswznUXs1c18YA,33HS68P7oy89rmCYFBSzRhrNGJTyYg52Kh
3FkNSy6mRqM69gyX7F5qUswznUXs1c18YA,bc1qz3dhhv6z86284g4ta97v8dr78ugfmr2k8rp26m
3FkNSy6mRqM69gyX7F5qUswznUXs1c18YA,3NtACXn6yE8kEtdCakYZNkxkKaVp2rs611
3FkNSy6mRqM69gyX7F5qUswznUXs1c18YA,3PFpJB7X1SksibvdywdzvMngi2tSp6yiXB
3FkNSy6mRqM69gyX7F5qUswznUXs1c18YA,343BfByNkJXhDUznpj1j4SsBzQajhbjyoK
3FkNSy6mRqM69gyX7F5qUswznUXs1c18YA,1C6KEsVUHBRn9oLi6MQhfEoPCkKYqx6mKQ
3DTCwatTmXjw4ZQaV57LQjaF97pjCVSgTB,3BTMJdz5QDxHvBKG3UdYc8R3ZhExeshdr9
3DTCwatTmXjw4ZQaV57LQjaF97pjCVSgTB,3LZXnatwLjVAdXcapmLXKfPCww9MFn5HsT
3DTCwatTmXjw4ZQaV57LQjaF97pjCVSgTB,16EwMMS9FRdUUHMCodmEKt6Uw2JBdncExW
3DTCwatTmXjw4ZQaV57LQjaF97pjCVSgTB,1Na28mKSvoZ1u6Mgq6KEyZ6DwtdR7NMha4
3DTCwatTmXjw4ZQaV57LQjaF97pjCVSgTB,34utAmJ9XLuohnCUY44fYQo1bg3b6YTxgv
3DTCwatTmXjw4ZQaV57LQjaF97pjCVSgTB,325asbbXBV35WSx1nCw2rpjhviHZS56PhD
3DTCwatTmXjw4ZQaV57LQjaF97pjCVSgTB,bc1q03fmucxgt5l03nqfjg32m4fq4gw9a90th6vx50
3DTCwatTmXjw4ZQaV57LQjaF97pjCVSgTB,3Cc2GhVDb8fz4dx6PZXhgvoW8xKLTk5jAy
3DTCwatTmXjw4ZQaV57LQjaF97pjCVSgTB,1Ng4aDGvbWJhhqerHSAr4R1yLP2C3XPrbm
3DTCwatTmXjw4ZQaV57LQjaF97pjCVSgTB,3Kjuh4wd1mVeGeTx67X3NCgypp7mqtkEvA
3DTCwatTmXjw4ZQaV57LQjaF97pjCVSgTB,15m66PbA8GRyD6ZNp22w11tHKgRQbrq9w7
3DTCwatTmXjw4ZQaV57LQjaF97pjCVSgTB,33HS68P7oy89rmCYFBSzRhrNGJTyYg52Kh
3DTCwatTmXjw4ZQaV57LQjaF97pjCVSgTB,bc1qz3dhhv6z86284g4ta97v8dr78ugfmr2k8rp26m
3DTCwatTmXjw4ZQaV57LQjaF97pjCVSgTB,3NtACXn6yE8kEtdCakYZNkxkKaVp2rs611
3DTCwatTmXjw4ZQaV57LQjaF97pjCVSgTB,3PFpJB7X1SksibvdywdzvMngi2tSp6yiXB
3DTCwatTmXjw4ZQaV57LQjaF97pjCVSgTB,343BfByNkJXhDUznpj1j4SsBzQajhbjyoK
3DTCwatTmXjw4ZQaV57LQjaF97pjCVSgTB,1C6KEsVUHBRn9oLi6MQhfEoPCkKYqx6mKQ
35shLhu5Waucxr4CMHpDJUpxbHqR6Dv2sm,3BTMJdz5QDxHvBKG3UdYc8R3ZhExeshdr9
35shLhu5Waucxr4CMHpDJUpxbHqR6Dv2sm,3LZXnatwLjVAdXcapmLXKfPCww9MFn5HsT
35shLhu5Waucxr4CMHpDJUpxbHqR6Dv2sm,16EwMMS9FRdUUHMCodmEKt6Uw2JBdncExW
35shLhu5Waucxr4CMHpDJUpxbHqR6Dv2sm,1Na28mKSvoZ1u6Mgq6KEyZ6DwtdR7NMha4
35shLhu5Waucxr4CMHpDJUpxbHqR6Dv2sm,34utAmJ9XLuohnCUY44fYQo1bg3b6YTxgv
35shLhu5Waucxr4CMHpDJUpxbHqR6Dv2sm,325asbbXBV35WSx1nCw2rpjhviHZS56PhD
35shLhu5Waucxr4CMHpDJUpxbHqR6Dv2sm,bc1q03fmucxgt5l03nqfjg32m4fq4gw9a90th6vx50
35shLhu5Waucxr4CMHpDJUpxbHqR6Dv2sm,3Cc2GhVDb8fz4dx6PZXhgvoW8xKLTk5jAy
35shLhu5Waucxr4CMHpDJUpxbHqR6Dv2sm,1Ng4aDGvbWJhhqerHSAr4R1yLP2C3XPrbm
35shLhu5Waucxr4CMHpDJUpxbHqR6Dv2sm,3Kjuh4wd1mVeGeTx67X3NCgypp7mqtkEvA
35shLhu5Waucxr4CMHpDJUpxbHqR6Dv2sm,15m66PbA8GRyD6ZNp22w11tHKgRQbrq9w7
35shLhu5Waucxr4CMHpDJUpxbHqR6Dv2sm,33HS68P7oy89rmCYFBSzRhrNGJTyYg52Kh
35shLhu5Waucxr4CMHpDJUpxbHqR6Dv2sm,bc1qz3dhhv6z86284g4ta97v8dr78ugfmr2k8rp26m
35shLhu5Waucxr4CMHpDJUpxbHqR6Dv2sm,3NtACXn6yE8kEtdCakYZNkxkKaVp2rs611
35shLhu5Waucxr4CMHpDJUpxbHqR6Dv2sm,3PFpJB7X1SksibvdywdzvMngi2tSp6yiXB
35shLhu5Waucxr4CMHpDJUpxbHqR6Dv2sm,343BfByNkJXhDUznpj1j4SsBzQajhbjyoK
35shLhu5Waucxr4CMHpDJUpxbHqR6Dv2sm,1C6KEsVUHBRn9oLi6MQhfEoPCkKYqx6mKQ
3G5hBoSmASwMR1aK7SfVaR7hXr1nZPgUBe,39EKjvDK6UEkpaBcLVbBen1M4dhh2iE9Lq
3G5hBoSmASwMR1aK7SfVaR7hXr1nZPgUBe,3G5hBoSmASwMR1aK7SfVaR7hXr1nZPgUBe
3G5hBoSmASwMR1aK7SfVaR7hXr1nZPgUBe,3GfWyoYqUYPCQBtCN7UvzRF1QPKQExL79V
3G5hBoSmASwMR1aK7SfVaR7hXr1nZPgUBe,3479gSjwpQXmw2PtuDqyTRqLk5b8e1KLJi
396FRr1EB5dfVK1GJMu6e1B7XBaXAqT6Jd,3BTMJdz5QDxHvBKG3UdYc8R3ZhExeshdr9
396FRr1EB5dfVK1GJMu6e1B7XBaXAqT6Jd,3LZXnatwLjVAdXcapmLXKfPCww9MFn5HsT
396FRr1EB5dfVK1GJMu6e1B7XBaXAqT6Jd,16EwMMS9FRdUUHMCodmEKt6Uw2JBdncExW
396FRr1EB5dfVK1GJMu6e1B7XBaXAqT6Jd,1Na28mKSvoZ1u6Mgq6KEyZ6DwtdR7NMha4
396FRr1EB5dfVK1GJMu6e1B7XBaXAqT6Jd,34utAmJ9XLuohnCUY44fYQo1bg3b6YTxgv
396FRr1EB5dfVK1GJMu6e1B7XBaXAqT6Jd,325asbbXBV35WSx1nCw2rpjhviHZS56PhD
396FRr1EB5dfVK1GJMu6e1B7XBaXAqT6Jd,bc1q03fmucxgt5l03nqfjg32m4fq4gw9a90th6vx50
396FRr1EB5dfVK1GJMu6e1B7XBaXAqT6Jd,3Cc2GhVDb8fz4dx6PZXhgvoW8xKLTk5jAy
396FRr1EB5dfVK1GJMu6e1B7XBaXAqT6Jd,1Ng4aDGvbWJhhqerHSAr4R1yLP2C3XPrbm
396FRr1EB5dfVK1GJMu6e1B7XBaXAqT6Jd,3Kjuh4wd1mVeGeTx67X3NCgypp7mqtkEvA
396FRr1EB5dfVK1GJMu6e1B7XBaXAqT6Jd,15m66PbA8GRyD6ZNp22w11tHKgRQbrq9w7
396FRr1EB5dfVK1GJMu6e1B7XBaXAqT6Jd,33HS68P7oy89rmCYFBSzRhrNGJTyYg52Kh
396FRr1EB5dfVK1GJMu6e1B7XBaXAqT6Jd,bc1qz3dhhv6z86284g4ta97v8dr78ugfmr2k8rp26m
396FRr1EB5dfVK1GJMu6e1B7XBaXAqT6Jd,3NtACXn6yE8kEtdCakYZNkxkKaVp2rs611
396FRr1EB5dfVK1GJMu6e1B7XBaXAqT6Jd,3PFpJB7X1SksibvdywdzvMngi2tSp6yiXB
396FRr1EB5dfVK1GJMu6e1B7XBaXAqT6Jd,343BfByNkJXhDUznpj1j4SsBzQajhbjyoK
396FRr1EB5dfVK1GJMu6e1B7XBaXAqT6Jd,1C6KEsVUHBRn9oLi6MQhfEoPCkKYqx6mKQ
35SW79x48KZzgSv3sCf77s1ANRoncAaXKz,3BTMJdz5QDxHvBKG3UdYc8R3ZhExeshdr9
35SW79x48KZzgSv3sCf77s1ANRoncAaXKz,3LZXnatwLjVAdXcapmLXKfPCww9MFn5HsT
35SW79x48KZzgSv3sCf77s1ANRoncAaXKz,16EwMMS9FRdUUHMCodmEKt6Uw2JBdncExW
35SW79x48KZzgSv3sCf77s1ANRoncAaXKz,1Na28mKSvoZ1u6Mgq6KEyZ6DwtdR7NMha4
35SW79x48KZzgSv3sCf77s1ANRoncAaXKz,34utAmJ9XLuohnCUY44fYQo1bg3b6YTxgv
35SW79x48KZzgSv3sCf77s1ANRoncAaXKz,325asbbXBV35WSx1nCw2rpjhviHZS56PhD
35SW79x48KZzgSv3sCf77s1ANRoncAaXKz,bc1q03fmucxgt5l03nqfjg32m4fq4gw9a90th6vx50
35SW79x48KZzgSv3sCf77s1ANRoncAaXKz,3Cc2GhVDb8fz4dx6PZXhgvoW8xKLTk5jAy
35SW79x48KZzgSv3sCf77s1ANRoncAaXKz,1Ng4aDGvbWJhhqerHSAr4R1yLP2C3XPrbm
35SW79x48KZzgSv3sCf77s1ANRoncAaXKz,3Kjuh4wd1mVeGeTx67X3NCgypp7mqtkEvA
35SW79x48KZzgSv3sCf77s1ANRoncAaXKz,15m66PbA8GRyD6ZNp22w11tHKgRQbrq9w7
35SW79x48KZzgSv3sCf77s1ANRoncAaXKz,33HS68P7oy89rmCYFBSzRhrNGJTyYg52Kh
35SW79x48KZzgSv3sCf77s1ANRoncAaXKz,bc1qz3dhhv6z86284g4ta97v8dr78ugfmr2k8rp26m
35SW79x48KZzgSv3sCf77s1ANRoncAaXKz,3NtACXn6yE8kEtdCakYZNkxkKaVp2rs611
35SW79x48KZzgSv3sCf77s1ANRoncAaXKz,3PFpJB7X1SksibvdywdzvMngi2tSp6yiXB
35SW79x48KZzgSv3sCf77s1ANRoncAaXKz,343BfByNkJXhDUznpj1j4SsBzQajhbjyoK
35SW79x48KZzgSv3sCf77s1ANRoncAaXKz,1C6KEsVUHBRn9oLi6MQhfEoPCkKYqx6mKQ
bc1qa7h9rgx085wr9yr3pkjgmrf3g67537ewknfqcc,32Mf4hkRXAxhrkY2EjrzVcX8diTPKVEfhA
3Hn4n2RQv5pCxfdcc7ZYeaMPLJwP7WZRQE,3BTMJdz5QDxHvBKG3UdYc8R3ZhExeshdr9
3Hn4n2RQv5pCxfdcc7ZYeaMPLJwP7WZRQE,3LZXnatwLjVAdXcapmLXKfPCww9MFn5HsT
3Hn4n2RQv5pCxfdcc7ZYeaMPLJwP7WZRQE,16EwMMS9FRdUUHMCodmEKt6Uw2JBdncExW
3Hn4n2RQv5pCxfdcc7ZYeaMPLJwP7WZRQE,1Na28mKSvoZ1u6Mgq6KEyZ6DwtdR7NMha4
3Hn4n2RQv5pCxfdcc7ZYeaMPLJwP7WZRQE,34utAmJ9XLuohnCUY44fYQo1bg3b6YTxgv
3Hn4n2RQv5pCxfdcc7ZYeaMPLJwP7WZRQE,325asbbXBV35WSx1nCw2rpjhviHZS56PhD
3Hn4n2RQv5pCxfdcc7ZYeaMPLJwP7WZRQE,bc1q03fmucxgt5l03nqfjg32m4fq4gw9a90th6vx50
3Hn4n2RQv5pCxfdcc7ZYeaMPLJwP7WZRQE,3Cc2GhVDb8fz4dx6PZXhgvoW8xKLTk5jAy
3Hn4n2RQv5pCxfdcc7ZYeaMPLJwP7WZRQE,1Ng4aDGvbWJhhqerHSAr4R1yLP2C3XPrbm
3Hn4n2RQv5pCxfdcc7ZYeaMPLJwP7WZRQE,3Kjuh4wd1mVeGeTx67X3NCgypp7mqtkEvA
3Hn4n2RQv5pCxfdcc7ZYeaMPLJwP7WZRQE,15m66PbA8GRyD6ZNp22w11tHKgRQbrq9w7
3Hn4n2RQv5pCxfdcc7ZYeaMPLJwP7WZRQE,33HS68P7oy89rmCYFBSzRhrNGJTyYg52Kh
3Hn4n2RQv5pCxfdcc7ZYeaMPLJwP7WZRQE,bc1qz3dhhv6z86284g4ta97v8dr78ugfmr2k8rp26m
3Hn4n2RQv5pCxfdcc7ZYeaMPLJwP7WZRQE,3NtACXn6yE8kEtdCakYZNkxkKaVp2rs611
3Hn4n2RQv5pCxfdcc7ZYeaMPLJwP7WZRQE,3PFpJB7X1SksibvdywdzvMngi2tSp6yiXB
3Hn4n2RQv5pCxfdcc7ZYeaMPLJwP7WZRQE,343BfByNkJXhDUznpj1j4SsBzQajhbjyoK
3Hn4n2RQv5pCxfdcc7ZYeaMPLJwP7WZRQE,1C6KEsVUHBRn9oLi6MQhfEoPCkKYqx6mKQ
bc1qkqewpv54snfx923c6ar3x65kl20rtvl4nvffmn,32Mf4hkRXAxhrkY2EjrzVcX8diTPKVEfhA
3Npnt1QMXeAjFa49eR3eDRAYDWBXTu7q7o,bc1qyu682ghnkze6ee0ecq9yvcxkdqgnhpc6h3nwnm
3Npnt1QMXeAjFa49eR3eDRAYDWBXTu7q7o,bc1qsx87g8yau3yvamxfeyszngncaea7jucrumzyxc
3Npnt1QMXeAjFa49eR3eDRAYDWBXTu7q7o,bc1qg00qz38zl7hvp8z4j84vc665ankradx2gunztj
3Npnt1QMXeAjFa49eR3eDRAYDWBXTu7q7o,bc1qkqewpv54snfx923c6ar3x65kl20rtvl4nvffmn
3Npnt1QMXeAjFa49eR3eDRAYDWBXTu7q7o,bc1q3uzar5th3yc72nytx7weh9f5dhjn277gy25549
3Npnt1QMXeAjFa49eR3eDRAYDWBXTu7q7o,bc1q5v05hhg3e6j4guarr2x70jqs9vz97vghy4ly4e
3Npnt1QMXeAjFa49eR3eDRAYDWBXTu7q7o,bc1qy9lczsaxyl4t8t82cvj23sxwtm7dlgvrxc7yr3
3Npnt1QMXeAjFa49eR3eDRAYDWBXTu7q7o,bc1q5lhz0jmuayu2xere6mtydfzad7a70kt6w44e7x
3Npnt1QMXeAjFa49eR3eDRAYDWBXTu7q7o,bc1qa7h9rgx085wr9yr3pkjgmrf3g67537ewknfqcc
3Npnt1QMXeAjFa49eR3eDRAYDWBXTu7q7o,bc1qxwtsuwdx4fvzdzclgn2ctl08kjx09prdq4wnnm
3Npnt1QMXeAjFa49eR3eDRAYDWBXTu7q7o,bc1qp4drljegkqemc9x9yx2qxsf4dl742ltlwq07w4
3Npnt1QMXeAjFa49eR3eDRAYDWBXTu7q7o,bc1qdtjqp3r6wdstp09d8d5aspaa4xlfes5kmmz2pk
3Npnt1QMXeAjFa49eR3eDRAYDWBXTu7q7o,bc1q497mnt7nuadu9xwamyx8mxmk9xev46t6xvct6j
3Npnt1QMXeAjFa49eR3eDRAYDWBXTu7q7o,bc1q2sem549dsuv6pqwc593exs2peqhpxv0la45mge
3Npnt1QMXeAjFa49eR3eDRAYDWBXTu7q7o,bc1qt5csvytj8wsyhzfjdvdh2nc09hpkh7pmmrdj3x
3Npnt1QMXeAjFa49eR3eDRAYDWBXTu7q7o,bc1q6q55w22hnxqh2tm0kcrrtd48cgu8pwu26fjwqc
36YWXHXuQvGRqc7f6m3DkU5nNee39X6GVV,3BTMJdz5QDxHvBKG3UdYc8R3ZhExeshdr9
36YWXHXuQvGRqc7f6m3DkU5nNee39X6GVV,3LZXnatwLjVAdXcapmLXKfPCww9MFn5HsT
36YWXHXuQvGRqc7f6m3DkU5nNee39X6GVV,16EwMMS9FRdUUHMCodmEKt6Uw2JBdncExW
36YWXHXuQvGRqc7f6m3DkU5nNee39X6GVV,1Na28mKSvoZ1u6Mgq6KEyZ6DwtdR7NMha4
36YWXHXuQvGRqc7f6m3DkU5nNee39X6GVV,34utAmJ9XLuohnCUY44fYQo1bg3b6YTxgv
36YWXHXuQvGRqc7f6m3DkU5nNee39X6GVV,325asbbXBV35WSx1nCw2rpjhviHZS56PhD
36YWXHXuQvGRqc7f6m3DkU5nNee39X6GVV,bc1q03fmucxgt5l03nqfjg32m4fq4gw9a90th6vx50
36YWXHXuQvGRqc7f6m3DkU5nNee39X6GVV,3Cc2GhVDb8fz4dx6PZXhgvoW8xKLTk5jAy
36YWXHXuQvGRqc7f6m3DkU5nNee39X6GVV,1Ng4aDGvbWJhhqerHSAr4R1yLP2C3XPrbm
36YWXHXuQvGRqc7f6m3DkU5nNee39X6GVV,3Kjuh4wd1mVeGeTx67X3NCgypp7mqtkEvA
36YWXHXuQvGRqc7f6m3DkU5nNee39X6GVV,15m66PbA8GRyD6ZNp22w11tHKgRQbrq9w7
36YWXHXuQvGRqc7f6m3DkU5nNee39X6GVV,33HS68P7oy89rmCYFBSzRhrNGJTyYg52Kh
36YWXHXuQvGRqc7f6m3DkU5nNee39X6GVV,bc1qz3dhhv6z86284g4ta97v8dr78ugfmr2k8rp26m
36YWXHXuQvGRqc7f6m3DkU5nNee39X6GVV,3NtACXn6yE8kEtdCakYZNkxkKaVp2rs611
36YWXHXuQvGRqc7f6m3DkU5nNee39X6GVV,3PFpJB7X1SksibvdywdzvMngi2tSp6yiXB
36YWXHXuQvGRqc7f6m3DkU5nNee39X6GVV,343BfByNkJXhDUznpj1j4SsBzQajhbjyoK
36YWXHXuQvGRqc7f6m3DkU5nNee39X6GVV,1C6KEsVUHBRn9oLi6MQhfEoPCkKYqx6mKQ
bc1q3uzar5th3yc72nytx7weh9f5dhjn277gy25549,32Mf4hkRXAxhrkY2EjrzVcX8diTPKVEfhA
bc1qd7dj85mr4y0jmh67xjx7559e9sm8smcp6shzrr,32Mf4hkRXAxhrkY2EjrzVcX8diTPKVEfhA
3Co2VoLRHpwaYTgZvsw6A9GjzjR8JNi3iN,3BTMJdz5QDxHvBKG3UdYc8R3ZhExeshdr9
3Co2VoLRHpwaYTgZvsw6A9GjzjR8JNi3iN,3LZXnatwLjVAdXcapmLXKfPCww9MFn5HsT
3Co2VoLRHpwaYTgZvsw6A9GjzjR8JNi3iN,16EwMMS9FRdUUHMCodmEKt6Uw2JBdncExW
3Co2VoLRHpwaYTgZvsw6A9GjzjR8JNi3iN,1Na28mKSvoZ1u6Mgq6KEyZ6DwtdR7NMha4
3Co2VoLRHpwaYTgZvsw6A9GjzjR8JNi3iN,34utAmJ9XLuohnCUY44fYQo1bg3b6YTxgv
3Co2VoLRHpwaYTgZvsw6A9GjzjR8JNi3iN,325asbbXBV35WSx1nCw2rpjhviHZS56PhD
3Co2VoLRHpwaYTgZvsw6A9GjzjR8JNi3iN,bc1q03fmucxgt5l03nqfjg32m4fq4gw9a90th6vx50
3Co2VoLRHpwaYTgZvsw6A9GjzjR8JNi3iN,3Cc2GhVDb8fz4dx6PZXhgvoW8xKLTk5jAy
3Co2VoLRHpwaYTgZvsw6A9GjzjR8JNi3iN,1Ng4aDGvbWJhhqerHSAr4R1yLP2C3XPrbm
3Co2VoLRHpwaYTgZvsw6A9GjzjR8JNi3iN,3Kjuh4wd1mVeGeTx67X3NCgypp7mqtkEvA
3Co2VoLRHpwaYTgZvsw6A9GjzjR8JNi3iN,15m66PbA8GRyD6ZNp22w11tHKgRQbrq9w7
3Co2VoLRHpwaYTgZvsw6A9GjzjR8JNi3iN,33HS68P7oy89rmCYFBSzRhrNGJTyYg52Kh
3Co2VoLRHpwaYTgZvsw6A9GjzjR8JNi3iN,bc1qz3dhhv6z86284g4ta97v8dr78ugfmr2k8rp26m
3Co2VoLRHpwaYTgZvsw6A9GjzjR8JNi3iN,3NtACXn6yE8kEtdCakYZNkxkKaVp2rs611
3Co2VoLRHpwaYTgZvsw6A9GjzjR8JNi3iN,3PFpJB7X1SksibvdywdzvMngi2tSp6yiXB
3Co2VoLRHpwaYTgZvsw6A9GjzjR8JNi3iN,343BfByNkJXhDUznpj1j4SsBzQajhbjyoK
3Co2VoLRHpwaYTgZvsw6A9GjzjR8JNi3iN,1C6KEsVUHBRn9oLi6MQhfEoPCkKYqx6mKQ
1HckjUpRGcrrRAtFaaCAUaGjsPx9oYmLaZ,1HckjUpRGcrrRAtFaaCAUaGjsPx9oYmLaZ
38aECBkPmaHUmSo8itAfRPJAna7dxM1xTa,3BTMJdz5QDxHvBKG3UdYc8R3ZhExeshdr9
38aECBkPmaHUmSo8itAfRPJAna7dxM1xTa,3LZXnatwLjVAdXcapmLXKfPCww9MFn5HsT
38aECBkPmaHUmSo8itAfRPJAna7dxM1xTa,16EwMMS9FRdUUHMCodmEKt6Uw2JBdncExW
38aECBkPmaHUmSo8itAfRPJAna7dxM1xTa,1Na28mKSvoZ1u6Mgq6KEyZ6DwtdR7NMha4
38aECBkPmaHUmSo8itAfRPJAna7dxM1xTa,34utAmJ9XLuohnCUY44fYQo1bg3b6YTxgv
38aECBkPmaHUmSo8itAfRPJAna7dxM1xTa,325asbbXBV35WSx1nCw2rpjhviHZS56PhD
38aECBkPmaHUmSo8itAfRPJAna7dxM1xTa,bc1q03fmucxgt5l03nqfjg32m4fq4gw9a90th6vx50
38aECBkPmaHUmSo8itAfRPJAna7dxM1xTa,3Cc2GhVDb8fz4dx6PZXhgvoW8xKLTk5jAy
38aECBkPmaHUmSo8itAfRPJAna7dxM1xTa,1Ng4aDGvbWJhhqerHSAr4R1yLP2C3XPrbm
38aECBkPmaHUmSo8itAfRPJAna7dxM1xTa,3Kjuh4wd1mVeGeTx67X3NCgypp7mqtkEvA
38aECBkPmaHUmSo8itAfRPJAna7dxM1xTa,15m66PbA8GRyD6ZNp22w11tHKgRQbrq9w7
38aECBkPmaHUmSo8itAfRPJAna7dxM1xTa,33HS68P7oy89rmCYFBSzRhrNGJTyYg52Kh
38aECBkPmaHUmSo8itAfRPJAna7dxM1xTa,bc1qz3dhhv6z86284g4ta97v8dr78ugfmr2k8rp26m
38aECBkPmaHUmSo8itAfRPJAna7dxM1xTa,3NtACXn6yE8kEtdCakYZNkxkKaVp2rs611
38aECBkPmaHUmSo8itAfRPJAna7dxM1xTa,3PFpJB7X1SksibvdywdzvMngi2tSp6yiXB
38aECBkPmaHUmSo8itAfRPJAna7dxM1xTa,343BfByNkJXhDUznpj1j4SsBzQajhbjyoK
38aECBkPmaHUmSo8itAfRPJAna7dxM1xTa,1C6KEsVUHBRn9oLi6MQhfEoPCkKYqx6mKQ
39E3dphySfoVC7eFHyYU9VduYYGJTrrcSn,3EX34GnTCYKLrGb7q5nc2obCXwnApvm3kJ
3HfsNkndFJet9n9voG3mRXGFdcHq3iHDFy,3BTMJdz5QDxHvBKG3UdYc8R3ZhExeshdr9
3HfsNkndFJet9n9voG3mRXGFdcHq3iHDFy,3LZXnatwLjVAdXcapmLXKfPCww9MFn5HsT
3HfsNkndFJet9n9voG3mRXGFdcHq3iHDFy,16EwMMS9FRdUUHMCodmEKt6Uw2JBdncExW
3HfsNkndFJet9n9voG3mRXGFdcHq3iHDFy,1Na28mKSvoZ1u6Mgq6KEyZ6DwtdR7NMha4
3HfsNkndFJet9n9voG3mRXGFdcHq3iHDFy,34utAmJ9XLuohnCUY44fYQo1bg3b6YTxgv
3HfsNkndFJet9n9voG3mRXGFdcHq3iHDFy,325asbbXBV35WSx1nCw2rpjhviHZS56PhD
3HfsNkndFJet9n9voG3mRXGFdcHq3iHDFy,bc1q03fmucxgt5l03nqfjg32m4fq4gw9a90th6vx50
3HfsNkndFJet9n9voG3mRXGFdcHq3iHDFy,3Cc2GhVDb8fz4dx6PZXhgvoW8xKLTk5jAy
3HfsNkndFJet9n9voG3mRXGFdcHq3iHDFy,1Ng4aDGvbWJhhqerHSAr4R1yLP2C3XPrbm
3HfsNkndFJet9n9voG3mRXGFdcHq3iHDFy,3Kjuh4wd1mVeGeTx67X3NCgypp7mqtkEvA
3HfsNkndFJet9n9voG3mRXGFdcHq3iHDFy,15m66PbA8GRyD6ZNp22w11tHKgRQbrq9w7
3HfsNkndFJet9n9voG3mRXGFdcHq3iHDFy,33HS68P7oy89rmCYFBSzRhrNGJTyYg52Kh
3HfsNkndFJet9n9voG3mRXGFdcHq3iHDFy,bc1qz3dhhv6z86284g4ta97v8dr78ugfmr2k8rp26m
3HfsNkndFJet9n9voG3mRXGFdcHq3iHDFy,3NtACXn6yE8kEtdCakYZNkxkKaVp2rs611
3HfsNkndFJet9n9voG3mRXGFdcHq3iHDFy,3PFpJB7X1SksibvdywdzvMngi2tSp6yiXB
3HfsNkndFJet9n9voG3mRXGFdcHq3iHDFy,343BfByNkJXhDUznpj1j4SsBzQajhbjyoK
3HfsNkndFJet9n9voG3mRXGFdcHq3iHDFy,1C6KEsVUHBRn9oLi6MQhfEoPCkKYqx6mKQ
3Jz7oiSNLthk7c2Dimi9tnjosPFAH4c3dQ,3BTMJdz5QDxHvBKG3UdYc8R3ZhExeshdr9
3Jz7oiSNLthk7c2Dimi9tnjosPFAH4c3dQ,3LZXnatwLjVAdXcapmLXKfPCww9MFn5HsT
3Jz7oiSNLthk7c2Dimi9tnjosPFAH4c3dQ,16EwMMS9FRdUUHMCodmEKt6Uw2JBdncExW
3Jz7oiSNLthk7c2Dimi9tnjosPFAH4c3dQ,1Na28mKSvoZ1u6Mgq6KEyZ6DwtdR7NMha4
3Jz7oiSNLthk7c2Dimi9tnjosPFAH4c3dQ,34utAmJ9XLuohnCUY44fYQo1bg3b6YTxgv
3Jz7oiSNLthk7c2Dimi9tnjosPFAH4c3dQ,325asbbXBV35WSx1nCw2rpjhviHZS56PhD
3Jz7oiSNLthk7c2Dimi9tnjosPFAH4c3dQ,bc1q03fmucxgt5l03nqfjg32m4fq4gw9a90th6vx50
3Jz7oiSNLthk7c2Dimi9tnjosPFAH4c3dQ,3Cc2GhVDb8fz4dx6PZXhgvoW8xKLTk5jAy
3Jz7oiSNLthk7c2Dimi9tnjosPFAH4c3dQ,1Ng4aDGvbWJhhqerHSAr4R1yLP2C3XPrbm
3Jz7oiSNLthk7c2Dimi9tnjosPFAH4c3dQ,3Kjuh4wd1mVeGeTx67X3NCgypp7mqtkEvA
3Jz7oiSNLthk7c2Dimi9tnjosPFAH4c3dQ,15m66PbA8GRyD6ZNp22w11tHKgRQbrq9w7
3Jz7oiSNLthk7c2Dimi9tnjosPFAH4c3dQ,33HS68P7oy89rmCYFBSzRhrNGJTyYg52Kh
3Jz7oiSNLthk7c2Dimi9tnjosPFAH4c3dQ,bc1qz3dhhv6z86284g4ta97v8dr78ugfmr2k8rp26m
3Jz7oiSNLthk7c2Dimi9tnjosPFAH4c3dQ,3NtACXn6yE8kEtdCakYZNkxkKaVp2rs611
3Jz7oiSNLthk7c2Dimi9tnjosPFAH4c3dQ,3PFpJB7X1SksibvdywdzvMngi2tSp6yiXB
3Jz7oiSNLthk7c2Dimi9tnjosPFAH4c3dQ,343BfByNkJXhDUznpj1j4SsBzQajhbjyoK
3Jz7oiSNLthk7c2Dimi9tnjosPFAH4c3dQ,1C6KEsVUHBRn9oLi6MQhfEoPCkKYqx6mKQ
3P8PFZUkqNi8tp2JJi26xmWXZpm47AdZsA,3P8PFZUkqNi8tp2JJi26xmWXZpm47AdZsA
3EX34GnTCYKLrGb7q5nc2obCXwnApvm3kJ,3EX34GnTCYKLrGb7q5nc2obCXwnApvm3kJ
3EX34GnTCYKLrGb7q5nc2obCXwnApvm3kJ,338xujMDjUVdYqdE1kg37FTFMEK2cWQAAp
3EX34GnTCYKLrGb7q5nc2obCXwnApvm3kJ,35jDTzivhQezpuVKFLq82ZsNfezfQj2432
3MQiRgyE35TT1rvmEY4kFXKJVoGddAmMw4,3BTMJdz5QDxHvBKG3UdYc8R3ZhExeshdr9
3MQiRgyE35TT1rvmEY4kFXKJVoGddAmMw4,3LZXnatwLjVAdXcapmLXKfPCww9MFn5HsT
3MQiRgyE35TT1rvmEY4kFXKJVoGddAmMw4,16EwMMS9FRdUUHMCodmEKt6Uw2JBdncExW
3MQiRgyE35TT1rvmEY4kFXKJVoGddAmMw4,1Na28mKSvoZ1u6Mgq6KEyZ6DwtdR7NMha4
3MQiRgyE35TT1rvmEY4kFXKJVoGddAmMw4,34utAmJ9XLuohnCUY44fYQo1bg3b6YTxgv
3MQiRgyE35TT1rvmEY4kFXKJVoGddAmMw4,325asbbXBV35WSx1nCw2rpjhviHZS56PhD
3MQiRgyE35TT1rvmEY4kFXKJVoGddAmMw4,bc1q03fmucxgt5l03nqfjg32m4fq4gw9a90th6vx50
3MQiRgyE35TT1rvmEY4kFXKJVoGddAmMw4,3Cc2GhVDb8fz4dx6PZXhgvoW8xKLTk5jAy
3MQiRgyE35TT1rvmEY4kFXKJVoGddAmMw4,1Ng4aDGvbWJhhqerHSAr4R1yLP2C3XPrbm
3MQiRgyE35TT1rvmEY4kFXKJVoGddAmMw4,3Kjuh4wd1mVeGeTx67X3NCgypp7mqtkEvA
3MQiRgyE35TT1rvmEY4kFXKJVoGddAmMw4,15m66PbA8GRyD6ZNp22w11tHKgRQbrq9w7
3MQiRgyE35TT1rvmEY4kFXKJVoGddAmMw4,33HS68P7oy89rmCYFBSzRhrNGJTyYg52Kh
3MQiRgyE35TT1rvmEY4kFXKJVoGddAmMw4,bc1qz3dhhv6z86284g4ta97v8dr78ugfmr2k8rp26m
3MQiRgyE35TT1rvmEY4kFXKJVoGddAmMw4,3NtACXn6yE8kEtdCakYZNkxkKaVp2rs611
3MQiRgyE35TT1rvmEY4kFXKJVoGddAmMw4,3PFpJB7X1SksibvdywdzvMngi2tSp6yiXB
3MQiRgyE35TT1rvmEY4kFXKJVoGddAmMw4,343BfByNkJXhDUznpj1j4SsBzQajhbjyoK
3MQiRgyE35TT1rvmEY4kFXKJVoGddAmMw4,1C6KEsVUHBRn9oLi6MQhfEoPCkKYqx6mKQ
bc1qut4p3dz20cjfr4n4xrxhuzg9v6sag0c7utz2md,32Mf4hkRXAxhrkY2EjrzVcX8diTPKVEfhA
bc1qsxtaekrrpgvstks0uk942thxmc8f9psj0ee0cc,36YWXHXuQvGRqc7f6m3DkU5nNee39X6GVV
39EKjvDK6UEkpaBcLVbBen1M4dhh2iE9Lq,3G5hBoSmASwMR1aK7SfVaR7hXr1nZPgUBe
39EKjvDK6UEkpaBcLVbBen1M4dhh2iE9Lq,39EKjvDK6UEkpaBcLVbBen1M4dhh2iE9Lq
39EKjvDK6UEkpaBcLVbBen1M4dhh2iE9Lq,3GfWyoYqUYPCQBtCN7UvzRF1QPKQExL79V
39EKjvDK6UEkpaBcLVbBen1M4dhh2iE9Lq,3479gSjwpQXmw2PtuDqyTRqLk5b8e1KLJi
3479gSjwpQXmw2PtuDqyTRqLk5b8e1KLJi,3GfWyoYqUYPCQBtCN7UvzRF1QPKQExL79V
3479gSjwpQXmw2PtuDqyTRqLk5b8e1KLJi,39EKjvDK6UEkpaBcLVbBen1M4dhh2iE9Lq
3479gSjwpQXmw2PtuDqyTRqLk5b8e1KLJi,3G5hBoSmASwMR1aK7SfVaR7hXr1nZPgUBe
3479gSjwpQXmw2PtuDqyTRqLk5b8e1KLJi,3479gSjwpQXmw2PtuDqyTRqLk5b8e1KLJi
1NDyJtNTjmwk5xPNhjgAMu4HDHigtobu1s,35SW79x48KZzgSv3sCf77s1ANRoncAaXKz
3Cfa4eBy1pVqqshPY4h4FThgQ7bGhbUGzP,3BTMJdz5QDxHvBKG3UdYc8R3ZhExeshdr9
3Cfa4eBy1pVqqshPY4h4FThgQ7bGhbUGzP,3LZXnatwLjVAdXcapmLXKfPCww9MFn5HsT
3Cfa4eBy1pVqqshPY4h4FThgQ7bGhbUGzP,16EwMMS9FRdUUHMCodmEKt6Uw2JBdncExW
3Cfa4eBy1pVqqshPY4h4FThgQ7bGhbUGzP,1Na28mKSvoZ1u6Mgq6KEyZ6DwtdR7NMha4
3Cfa4eBy1pVqqshPY4h4FThgQ7bGhbUGzP,34utAmJ9XLuohnCUY44fYQo1bg3b6YTxgv
3Cfa4eBy1pVqqshPY4h4FThgQ7bGhbUGzP,325asbbXBV35WSx1nCw2rpjhviHZS56PhD
3Cfa4eBy1pVqqshPY4h4FThgQ7bGhbUGzP,bc1q03fmucxgt5l03nqfjg32m4fq4gw9a90th6vx50
3Cfa4eBy1pVqqshPY4h4FThgQ7bGhbUGzP,3Cc2GhVDb8fz4dx6PZXhgvoW8xKLTk5jAy
3Cfa4eBy1pVqqshPY4h4FThgQ7bGhbUGzP,1Ng4aDGvbWJhhqerHSAr4R1yLP2C3XPrbm
3Cfa4eBy1pVqqshPY4h4FThgQ7bGhbUGzP,3Kjuh4wd1mVeGeTx67X3NCgypp7mqtkEvA
3Cfa4eBy1pVqqshPY4h4FThgQ7bGhbUGzP,15m66PbA8GRyD6ZNp22w11tHKgRQbrq9w7
3Cfa4eBy1pVqqshPY4h4FThgQ7bGhbUGzP,33HS68P7oy89rmCYFBSzRhrNGJTyYg52Kh
3Cfa4eBy1pVqqshPY4h4FThgQ7bGhbUGzP,bc1qz3dhhv6z86284g4ta97v8dr78ugfmr2k8rp26m
3Cfa4eBy1pVqqshPY4h4FThgQ7bGhbUGzP,3NtACXn6yE8kEtdCakYZNkxkKaVp2rs611
3Cfa4eBy1pVqqshPY4h4FThgQ7bGhbUGzP,3PFpJB7X1SksibvdywdzvMngi2tSp6yiXB
3Cfa4eBy1pVqqshPY4h4FThgQ7bGhbUGzP,343BfByNkJXhDUznpj1j4SsBzQajhbjyoK
3Cfa4eBy1pVqqshPY4h4FThgQ7bGhbUGzP,1C6KEsVUHBRn9oLi6MQhfEoPCkKYqx6mKQ
bc1q6q55w22hnxqh2tm0kcrrtd48cgu8pwu26fjwqc,32Mf4hkRXAxhrkY2EjrzVcX8diTPKVEfhA
bc1q497mnt7nuadu9xwamyx8mxmk9xev46t6xvct6j,32Mf4hkRXAxhrkY2EjrzVcX8diTPKVEfhA
bc1qyu682ghnkze6ee0ecq9yvcxkdqgnhpc6h3nwnm,32Mf4hkRXAxhrkY2EjrzVcX8diTPKVEfhA
bc1qhn3nvw5kgpes9gd9ydzm9gv3knayw6mcaw09kz,bc1qvctzzsh76tnvgvcsqnpwlqjsreagfa2hekg7e2
38AiPwe6XDVkNNef9T1cBjYcrHL9Ymd8Zu,3BTMJdz5QDxHvBKG3UdYc8R3ZhExeshdr9
38AiPwe6XDVkNNef9T1cBjYcrHL9Ymd8Zu,3LZXnatwLjVAdXcapmLXKfPCww9MFn5HsT
38AiPwe6XDVkNNef9T1cBjYcrHL9Ymd8Zu,16EwMMS9FRdUUHMCodmEKt6Uw2JBdncExW
38AiPwe6XDVkNNef9T1cBjYcrHL9Ymd8Zu,1Na28mKSvoZ1u6Mgq6KEyZ6DwtdR7NMha4
38AiPwe6XDVkNNef9T1cBjYcrHL9Ymd8Zu,34utAmJ9XLuohnCUY44fYQo1bg3b6YTxgv
38AiPwe6XDVkNNef9T1cBjYcrHL9Ymd8Zu,325asbbXBV35WSx1nCw2rpjhviHZS56PhD
38AiPwe6XDVkNNef9T1cBjYcrHL9Ymd8Zu,bc1q03fmucxgt5l03nqfjg32m4fq4gw9a90th6vx50
38AiPwe6XDVkNNef9T1cBjYcrHL9Ymd8Zu,3Cc2GhVDb8fz4dx6PZXhgvoW8xKLTk5jAy
38AiPwe6XDVkNNef9T1cBjYcrHL9Ymd8Zu,1Ng4aDGvbWJhhqerHSAr4R1yLP2C3XPrbm
38AiPwe6XDVkNNef9T1cBjYcrHL9Ymd8Zu,3Kjuh4wd1mVeGeTx67X3NCgypp7mqtkEvA
38AiPwe6XDVkNNef9T1cBjYcrHL9Ymd8Zu,15m66PbA8GRyD6ZNp22w11tHKgRQbrq9w7
38AiPwe6XDVkNNef9T1cBjYcrHL9Ymd8Zu,33HS68P7oy89rmCYFBSzRhrNGJTyYg52Kh
38AiPwe6XDVkNNef9T1cBjYcrHL9Ymd8Zu,bc1qz3dhhv6z86284g4ta97v8dr78ugfmr2k8rp26m
38AiPwe6XDVkNNef9T1cBjYcrHL9Ymd8Zu,3NtACXn6yE8kEtdCakYZNkxkKaVp2rs611
38AiPwe6XDVkNNef9T1cBjYcrHL9Ymd8Zu,3PFpJB7X1SksibvdywdzvMngi2tSp6yiXB
38AiPwe6XDVkNNef9T1cBjYcrHL9Ymd8Zu,343BfByNkJXhDUznpj1j4SsBzQajhbjyoK
38AiPwe6XDVkNNef9T1cBjYcrHL9Ymd8Zu,1C6KEsVUHBRn9oLi6MQhfEoPCkKYqx6mKQ
3FRT1cHycjUztfbLb1QuGu4f1TVhViUzXR,3BTMJdz5QDxHvBKG3UdYc8R3ZhExeshdr9
3FRT1cHycjUztfbLb1QuGu4f1TVhViUzXR,3LZXnatwLjVAdXcapmLXKfPCww9MFn5HsT
3FRT1cHycjUztfbLb1QuGu4f1TVhViUzXR,16EwMMS9FRdUUHMCodmEKt6Uw2JBdncExW
3FRT1cHycjUztfbLb1QuGu4f1TVhViUzXR,1Na28mKSvoZ1u6Mgq6KEyZ6DwtdR7NMha4
3FRT1cHycjUztfbLb1QuGu4f1TVhViUzXR,34utAmJ9XLuohnCUY44fYQo1bg3b6YTxgv
3FRT1cHycjUztfbLb1QuGu4f1TVhViUzXR,325asbbXBV35WSx1nCw2rpjhviHZS56PhD
3FRT1cHycjUztfbLb1QuGu4f1TVhViUzXR,bc1q03fmucxgt5l03nqfjg32m4fq4gw9a90th6vx50
3FRT1cHycjUztfbLb1QuGu4f1TVhViUzXR,3Cc2GhVDb8fz4dx6PZXhgvoW8xKLTk5jAy
3FRT1cHycjUztfbLb1QuGu4f1TVhViUzXR,1Ng4aDGvbWJhhqerHSAr4R1yLP2C3XPrbm
3FRT1cHycjUztfbLb1QuGu4f1TVhViUzXR,3Kjuh4wd1mVeGeTx67X3NCgypp7mqtkEvA
3FRT1cHycjUztfbLb1QuGu4f1TVhViUzXR,15m66PbA8GRyD6ZNp22w11tHKgRQbrq9w7
3FRT1cHycjUztfbLb1QuGu4f1TVhViUzXR,33HS68P7oy89rmCYFBSzRhrNGJTyYg52Kh
3FRT1cHycjUztfbLb1QuGu4f1TVhViUzXR,bc1qz3dhhv6z86284g4ta97v8dr78ugfmr2k8rp26m
3FRT1cHycjUztfbLb1QuGu4f1TVhViUzXR,3NtACXn6yE8kEtdCakYZNkxkKaVp2rs611
3FRT1cHycjUztfbLb1QuGu4f1TVhViUzXR,3PFpJB7X1SksibvdywdzvMngi2tSp6yiXB
3FRT1cHycjUztfbLb1QuGu4f1TVhViUzXR,343BfByNkJXhDUznpj1j4SsBzQajhbjyoK
3FRT1cHycjUztfbLb1QuGu4f1TVhViUzXR,1C6KEsVUHBRn9oLi6MQhfEoPCkKYqx6mKQ
338xujMDjUVdYqdE1kg37FTFMEK2cWQAAp,338xujMDjUVdYqdE1kg37FTFMEK2cWQAAp
338xujMDjUVdYqdE1kg37FTFMEK2cWQAAp,3EX34GnTCYKLrGb7q5nc2obCXwnApvm3kJ
1C6KEsVUHBRn9oLi6MQhfEoPCkKYqx6mKQ,1N52wHoVR79PMDishab2XmRHsbekCdGquK
3JE3QfgRRLvCvgt929e2C99yvz8RZHdZ4e,3JE3QfgRRLvCvgt929e2C99yvz8RZHdZ4e
bc1qwqdg6squsna38e46795at95yu9atm8azzmyvckulcc7kytlcckxswvvzej,bc1qwqdg6squsna38e46795at95yu9atm8azzmyvckulcc7kytlcckxswvvzej
3QR3QK7WrtQk5kwNujE9u3YAerkHE8JFVK,3FRT1cHycjUztfbLb1QuGu4f1TVhViUzXR
3QR3QK7WrtQk5kwNujE9u3YAerkHE8JFVK,3BTMJdz5QDxHvBKG3UdYc8R3ZhExeshdr9
3QR3QK7WrtQk5kwNujE9u3YAerkHE8JFVK,3LZXnatwLjVAdXcapmLXKfPCww9MFn5HsT
3QR3QK7WrtQk5kwNujE9u3YAerkHE8JFVK,16EwMMS9FRdUUHMCodmEKt6Uw2JBdncExW
3QR3QK7WrtQk5kwNujE9u3YAerkHE8JFVK,1Na28mKSvoZ1u6Mgq6KEyZ6DwtdR7NMha4
3QR3QK7WrtQk5kwNujE9u3YAerkHE8JFVK,34utAmJ9XLuohnCUY44fYQo1bg3b6YTxgv
3QR3QK7WrtQk5kwNujE9u3YAerkHE8JFVK,325asbbXBV35WSx1nCw2rpjhviHZS56PhD
3QR3QK7WrtQk5kwNujE9u3YAerkHE8JFVK,bc1q03fmucxgt5l03nqfjg32m4fq4gw9a90th6vx50
3QR3QK7WrtQk5kwNujE9u3YAerkHE8JFVK,3Cc2GhVDb8fz4dx6PZXhgvoW8xKLTk5jAy
3QR3QK7WrtQk5kwNujE9u3YAerkHE8JFVK,1Ng4aDGvbWJhhqerHSAr4R1yLP2C3XPrbm
3QR3QK7WrtQk5kwNujE9u3YAerkHE8JFVK,3Kjuh4wd1mVeGeTx67X3NCgypp7mqtkEvA
3QR3QK7WrtQk5kwNujE9u3YAerkHE8JFVK,15m66PbA8GRyD6ZNp22w11tHKgRQbrq9w7
3QR3QK7WrtQk5kwNujE9u3YAerkHE8JFVK,33HS68P7oy89rmCYFBSzRhrNGJTyYg52Kh
3QR3QK7WrtQk5kwNujE9u3YAerkHE8JFVK,bc1qz3dhhv6z86284g4ta97v8dr78ugfmr2k8rp26m
3QR3QK7WrtQk5kwNujE9u3YAerkHE8JFVK,3NtACXn6yE8kEtdCakYZNkxkKaVp2rs611
3QR3QK7WrtQk5kwNujE9u3YAerkHE8JFVK,3PFpJB7X1SksibvdywdzvMngi2tSp6yiXB
3QR3QK7WrtQk5kwNujE9u3YAerkHE8JFVK,343BfByNkJXhDUznpj1j4SsBzQajhbjyoK
3QR3QK7WrtQk5kwNujE9u3YAerkHE8JFVK,1C6KEsVUHBRn9oLi6MQhfEoPCkKYqx6mKQ
3GfWyoYqUYPCQBtCN7UvzRF1QPKQExL79V,3GfWyoYqUYPCQBtCN7UvzRF1QPKQExL79V
3GfWyoYqUYPCQBtCN7UvzRF1QPKQExL79V,39EKjvDK6UEkpaBcLVbBen1M4dhh2iE9Lq
3GfWyoYqUYPCQBtCN7UvzRF1QPKQExL79V,3G5hBoSmASwMR1aK7SfVaR7hXr1nZPgUBe
3GfWyoYqUYPCQBtCN7UvzRF1QPKQExL79V,3479gSjwpQXmw2PtuDqyTRqLk5b8e1KLJi
3461fdqg3gMntcNucnvKbVEwfd6EuU5cSi,3BTMJdz5QDxHvBKG3UdYc8R3ZhExeshdr9
3461fdqg3gMntcNucnvKbVEwfd6EuU5cSi,3LZXnatwLjVAdXcapmLXKfPCww9MFn5HsT
3461fdqg3gMntcNucnvKbVEwfd6EuU5cSi,16EwMMS9FRdUUHMCodmEKt6Uw2JBdncExW
3461fdqg3gMntcNucnvKbVEwfd6EuU5cSi,1Na28mKSvoZ1u6Mgq6KEyZ6DwtdR7NMha4
3461fdqg3gMntcNucnvKbVEwfd6EuU5cSi,34utAmJ9XLuohnCUY44fYQo1bg3b6YTxgv
3461fdqg3gMntcNucnvKbVEwfd6EuU5cSi,325asbbXBV35WSx1nCw2rpjhviHZS56PhD
3461fdqg3gMntcNucnvKbVEwfd6EuU5cSi,bc1q03fmucxgt5l03nqfjg32m4fq4gw9a90th6vx50
3461fdqg3gMntcNucnvKbVEwfd6EuU5cSi,3Cc2GhVDb8fz4dx6PZXhgvoW8xKLTk5jAy
3461fdqg3gMntcNucnvKbVEwfd6EuU5cSi,1Ng4aDGvbWJhhqerHSAr4R1yLP2C3XPrbm
3461fdqg3gMntcNucnvKbVEwfd6EuU5cSi,3Kjuh4wd1mVeGeTx67X3NCgypp7mqtkEvA
3461fdqg3gMntcNucnvKbVEwfd6EuU5cSi,15m66PbA8GRyD6ZNp22w11tHKgRQbrq9w7
3461fdqg3gMntcNucnvKbVEwfd6EuU5cSi,33HS68P7oy89rmCYFBSzRhrNGJTyYg52Kh
3461fdqg3gMntcNucnvKbVEwfd6EuU5cSi,bc1qz3dhhv6z86284g4ta97v8dr78ugfmr2k8rp26m
3461fdqg3gMntcNucnvKbVEwfd6EuU5cSi,3NtACXn6yE8kEtdCakYZNkxkKaVp2rs611
3461fdqg3gMntcNucnvKbVEwfd6EuU5cSi,3PFpJB7X1SksibvdywdzvMngi2tSp6yiXB
3461fdqg3gMntcNucnvKbVEwfd6EuU5cSi,343BfByNkJXhDUznpj1j4SsBzQajhbjyoK
3461fdqg3gMntcNucnvKbVEwfd6EuU5cSi,1C6KEsVUHBRn9oLi6MQhfEoPCkKYqx6mKQ
32zJpF3ucXCVpp4U9aniHfQph5QnZuJq4v,3BTMJdz5QDxHvBKG3UdYc8R3ZhExeshdr9
32zJpF3ucXCVpp4U9aniHfQph5QnZuJq4v,3LZXnatwLjVAdXcapmLXKfPCww9MFn5HsT
32zJpF3ucXCVpp4U9aniHfQph5QnZuJq4v,16EwMMS9FRdUUHMCodmEKt6Uw2JBdncExW
32zJpF3ucXCVpp4U9aniHfQph5QnZuJq4v,1Na28mKSvoZ1u6Mgq6KEyZ6DwtdR7NMha4
32zJpF3ucXCVpp4U9aniHfQph5QnZuJq4v,34utAmJ9XLuohnCUY44fYQo1bg3b6YTxgv
32zJpF3ucXCVpp4U9aniHfQph5QnZuJq4v,325asbbXBV35WSx1nCw2rpjhviHZS56PhD
32zJpF3ucXCVpp4U9aniHfQph5QnZuJq4v,bc1q03fmucxgt5l03nqfjg32m4fq4gw9a90th6vx50
32zJpF3ucXCVpp4U9aniHfQph5QnZuJq4v,3Cc2GhVDb8fz4dx6PZXhgvoW8xKLTk5jAy
32zJpF3ucXCVpp4U9aniHfQph5QnZuJq4v,1Ng4aDGvbWJhhqerHSAr4R1yLP2C3XPrbm
32zJpF3ucXCVpp4U9aniHfQph5QnZuJq4v,3Kjuh4wd1mVeGeTx67X3NCgypp7mqtkEvA
32zJpF3ucXCVpp4U9aniHfQph5QnZuJq4v,15m66PbA8GRyD6ZNp22w11tHKgRQbrq9w7
32zJpF3ucXCVpp4U9aniHfQph5QnZuJq4v,33HS68P7oy89rmCYFBSzRhrNGJTyYg52Kh
32zJpF3ucXCVpp4U9aniHfQph5QnZuJq4v,bc1qz3dhhv6z86284g4ta97v8dr78ugfmr2k8rp26m
32zJpF3ucXCVpp4U9aniHfQph5QnZuJq4v,3NtACXn6yE8kEtdCakYZNkxkKaVp2rs611
32zJpF3ucXCVpp4U9aniHfQph5QnZuJq4v,3PFpJB7X1SksibvdywdzvMngi2tSp6yiXB
32zJpF3ucXCVpp4U9aniHfQph5QnZuJq4v,343BfByNkJXhDUznpj1j4SsBzQajhbjyoK
32zJpF3ucXCVpp4U9aniHfQph5QnZuJq4v,1C6KEsVUHBRn9oLi6MQhfEoPCkKYqx6mKQ
1N52wHoVR79PMDishab2XmRHsbekCdGquK,1N52wHoVR79PMDishab2XmRHsbekCdGquK
1G47mSr3oANXMafVrR8UC4pzV7FEAzo3r9,1G47mSr3oANXMafVrR8UC4pzV7FEAzo3r9
bc1qa7gwsejxld2eaaq9cs77gqlfhkfdh5flf8mz4s,32Mf4hkRXAxhrkY2EjrzVcX8diTPKVEfhA
37dtZ7otXmPBxDoyhALMGLtzfZDSEmUTEn,3BTMJdz5QDxHvBKG3UdYc8R3ZhExeshdr9
37dtZ7otXmPBxDoyhALMGLtzfZDSEmUTEn,3LZXnatwLjVAdXcapmLXKfPCww9MFn5HsT
37dtZ7otXmPBxDoyhALMGLtzfZDSEmUTEn,16EwMMS9FRdUUHMCodmEKt6Uw2JBdncExW
37dtZ7otXmPBxDoyhALMGLtzfZDSEmUTEn,1Na28mKSvoZ1u6Mgq6KEyZ6DwtdR7NMha4
37dtZ7otXmPBxDoyhALMGLtzfZDSEmUTEn,34utAmJ9XLuohnCUY44fYQo1bg3b6YTxgv
37dtZ7otXmPBxDoyhALMGLtzfZDSEmUTEn,325asbbXBV35WSx1nCw2rpjhviHZS56PhD
37dtZ7otXmPBxDoyhALMGLtzfZDSEmUTEn,bc1q03fmucxgt5l03nqfjg32m4fq4gw9a90th6vx50
37dtZ7otXmPBxDoyhALMGLtzfZDSEmUTEn,3Cc2GhVDb8fz4dx6PZXhgvoW8xKLTk5jAy
37dtZ7otXmPBxDoyhALMGLtzfZDSEmUTEn,1Ng4aDGvbWJhhqerHSAr4R1yLP2C3XPrbm
37dtZ7otXmPBxDoyhALMGLtzfZDSEmUTEn,3Kjuh4wd1mVeGeTx67X3NCgypp7mqtkEvA
37dtZ7otXmPBxDoyhALMGLtzfZDSEmUTEn,15m66PbA8GRyD6ZNp22w11tHKgRQbrq9w7
37dtZ7otXmPBxDoyhALMGLtzfZDSEmUTEn,33HS68P7oy89rmCYFBSzRhrNGJTyYg52Kh
37dtZ7otXmPBxDoyhALMGLtzfZDSEmUTEn,bc1qz3dhhv6z86284g4ta97v8dr78ugfmr2k8rp26m
37dtZ7otXmPBxDoyhALMGLtzfZDSEmUTEn,3NtACXn6yE8kEtdCakYZNkxkKaVp2rs611
37dtZ7otXmPBxDoyhALMGLtzfZDSEmUTEn,3PFpJB7X1SksibvdywdzvMngi2tSp6yiXB
37dtZ7otXmPBxDoyhALMGLtzfZDSEmUTEn,343BfByNkJXhDUznpj1j4SsBzQajhbjyoK
37dtZ7otXmPBxDoyhALMGLtzfZDSEmUTEn,1C6KEsVUHBRn9oLi6MQhfEoPCkKYqx6mKQ
35jDTzivhQezpuVKFLq82ZsNfezfQj2432,35jDTzivhQezpuVKFLq82ZsNfezfQj2432
35jDTzivhQezpuVKFLq82ZsNfezfQj2432,3EX34GnTCYKLrGb7q5nc2obCXwnApvm3kJ
35jDTzivhQezpuVKFLq82ZsNfezfQj2432,338xujMDjUVdYqdE1kg37FTFMEK2cWQAAp
3ByKbDxF1iAMRVjBQFBXq6rRhatn3ht62V,3ByKbDxF1iAMRVjBQFBXq6rRhatn3ht62V
